,Newton,Molly,Erin,Joy
Newton,1,0.878229549075293,0.883401715777695,0.856636163722778
Molly,14437,1,0.883720930232558,0.872554950594878
Erin,13405,13631,1,0.857879784688995
Joy,14097,14877,13376,1
